Product_ID,Category,Base_Cost,Unit_Price
SKU-2000,Fitness,190.4,274.3
SKU-2001,Home & Kitchen,475.6,905.77
SKU-2002,Fitness,367.34,857.68
SKU-2003,Fashion,301.34,648.45
SKU-2004,Fashion,82.23,184.9
SKU-2005,Electronics,82.22,169.08
SKU-2006,Beauty,33.75,70.87
SKU-2007,Fitness,433.76,999.36
SKU-2008,Electronics,302.55,461.26
SKU-2009,Beauty,355.5,652.79
SKU-2010,Fitness,15.19,22.6
SKU-2011,Home & Kitchen,485.11,1205.0
SKU-2012,Fitness,417.06,1012.32
SKU-2013,Fashion,110.11,137.78
SKU-2014,Fashion,95.0,201.14
SKU-2015,Home & Kitchen,95.79,230.17
SKU-2016,Electronics,155.6,223.25
SKU-2017,Beauty,264.75,513.17
SKU-2018,Fitness,218.81,522.99
SKU-2019,Fashion,149.16,185.57
SKU-2020,Electronics,307.87,648.57
SKU-2021,Home & Kitchen,74.05,117.48
SKU-2022,Fashion,149.61,359.32
SKU-2023,Home & Kitchen,186.35,458.86
SKU-2024,Fitness,230.75,560.16
SKU-2025,Beauty,393.66,715.07
SKU-2026,Fashion,103.84,240.98
SKU-2027,Fashion,259.55,596.42
SKU-2028,Fitness,298.25,481.62
SKU-2029,Electronics,27.99,63.75
SKU-2030,Beauty,305.73,381.58
SKU-2031,Fashion,89.41,176.6
SKU-2032,Beauty,37.2,55.76
SKU-2033,Fashion,474.7,644.04
SKU-2034,Beauty,482.99,627.91
SKU-2035,Home & Kitchen,405.16,852.93
SKU-2036,Fashion,155.78,255.77
SKU-2037,Beauty,53.35,114.29
SKU-2038,Electronics,343.7,441.64
SKU-2039,Home & Kitchen,222.88,358.81
SKU-2040,Home & Kitchen,65.41,124.37
SKU-2041,Electronics,250.11,557.23
SKU-2042,Beauty,22.02,35.55
SKU-2043,Fitness,455.11,916.44
SKU-2044,Electronics,133.1,313.02
SKU-2045,Beauty,332.95,666.11
SKU-2046,Electronics,159.3,239.4
SKU-2047,Electronics,262.43,323.24
SKU-2048,Fashion,275.62,642.51
SKU-2049,Beauty,96.5,118.47
SKU-2050,Fitness,484.94,1133.36
SKU-2051,Fashion,388.69,733.7
SKU-2052,Electronics,470.05,1137.89
SKU-2053,Electronics,447.94,1002.68
SKU-2054,Electronics,300.96,751.59
SKU-2055,Beauty,461.33,763.93
SKU-2056,Beauty,48.8,107.23
SKU-2057,Fashion,102.01,175.71
SKU-2058,Fitness,27.39,49.95
SKU-2059,Fashion,166.04,334.7
SKU-2060,Home & Kitchen,197.4,461.08
SKU-2061,Electronics,139.32,345.42
SKU-2062,Electronics,415.23,912.99
SKU-2063,Electronics,181.59,316.53
SKU-2064,Fashion,144.06,251.78
SKU-2065,Fashion,273.63,590.73
SKU-2066,Electronics,74.76,112.92
SKU-2067,Fashion,402.09,540.25
SKU-2068,Beauty,41.9,69.6
SKU-2069,Beauty,493.51,776.49
SKU-2070,Fashion,387.26,613.88
SKU-2071,Electronics,103.36,155.42
SKU-2072,Fashion,7.73,9.7
SKU-2073,Fashion,408.65,499.88
SKU-2074,Fashion,354.89,881.56
SKU-2075,Home & Kitchen,365.86,642.49
SKU-2076,Beauty,386.78,657.38
SKU-2077,Fitness,41.65,86.78
SKU-2078,Fitness,182.44,270.69
SKU-2079,Home & Kitchen,62.36,151.84
SKU-2080,Fashion,432.24,960.54
SKU-2081,Home & Kitchen,313.53,412.68
SKU-2082,Home & Kitchen,168.79,294.18
SKU-2083,Electronics,36.46,85.42
SKU-2084,Beauty,158.94,385.93
SKU-2085,Fitness,165.97,300.01
SKU-2086,Fashion,366.16,731.38
SKU-2087,Fitness,320.59,454.32
SKU-2088,Fitness,444.17,1105.33
SKU-2089,Beauty,238.75,358.41
SKU-2090,Fitness,64.2,155.72
SKU-2091,Fitness,358.06,732.07
SKU-2092,Home & Kitchen,381.59,759.39
SKU-2093,Beauty,282.83,527.9
SKU-2094,Electronics,386.63,579.9
SKU-2095,Fashion,249.43,356.56
SKU-2096,Fitness,263.75,392.1
SKU-2097,Fashion,216.63,312.46
SKU-2098,Electronics,17.58,38.91
SKU-2099,Fashion,58.41,96.68
SKU-2100,Electronics,20.56,26.22
SKU-2101,Home & Kitchen,320.02,787.2
SKU-2102,Fitness,160.61,377.26
SKU-2103,Electronics,256.74,617.74
SKU-2104,Fashion,454.25,1132.62
SKU-2105,Fitness,128.4,183.11
SKU-2106,Home & Kitchen,208.14,356.98
SKU-2107,Fitness,379.0,828.38
SKU-2108,Electronics,118.26,248.92
SKU-2109,Home & Kitchen,43.11,60.36
SKU-2110,Fashion,148.43,335.54
SKU-2111,Home & Kitchen,84.8,126.5
SKU-2112,Home & Kitchen,465.2,693.6
SKU-2113,Beauty,405.02,768.75
SKU-2114,Home & Kitchen,318.53,627.77
SKU-2115,Home & Kitchen,436.37,852.72
SKU-2116,Fitness,402.82,531.29
SKU-2117,Fashion,97.35,227.87
SKU-2118,Fitness,446.82,690.46
SKU-2119,Fitness,271.97,372.16
SKU-2120,Electronics,404.68,953.17
SKU-2121,Fitness,448.57,1095.56
SKU-2122,Beauty,162.41,376.92
SKU-2123,Beauty,59.48,133.97
SKU-2124,Electronics,117.83,241.77
SKU-2125,Fashion,216.42,414.69
SKU-2126,Fashion,409.92,538.26
SKU-2127,Fitness,431.06,746.16
SKU-2128,Fitness,8.44,14.22
SKU-2129,Fitness,257.82,396.44
SKU-2130,Fashion,211.62,452.96
SKU-2131,Home & Kitchen,114.94,212.02
SKU-2132,Beauty,64.33,83.97
SKU-2133,Home & Kitchen,172.12,255.81
SKU-2134,Home & Kitchen,471.74,985.1
SKU-2135,Fashion,164.99,214.32
SKU-2136,Home & Kitchen,261.8,603.86
SKU-2137,Electronics,352.99,650.8
SKU-2138,Fitness,185.0,337.58
SKU-2139,Electronics,486.03,957.54
SKU-2140,Beauty,481.41,1093.8
SKU-2141,Fitness,129.63,214.17
SKU-2142,Home & Kitchen,251.14,522.73
SKU-2143,Beauty,153.93,297.92
SKU-2144,Fitness,146.0,225.88
SKU-2145,Home & Kitchen,23.26,54.48
SKU-2146,Electronics,306.73,686.05
SKU-2147,Fitness,253.83,521.87
SKU-2148,Home & Kitchen,30.48,70.28
SKU-2149,Electronics,142.93,332.67
SKU-2150,Beauty,454.59,964.13
SKU-2151,Beauty,123.58,282.77
SKU-2152,Beauty,76.72,161.63
SKU-2153,Beauty,247.28,515.38
SKU-2154,Fashion,492.9,987.87
SKU-2155,Fitness,124.82,271.92
SKU-2156,Fitness,337.71,474.88
SKU-2157,Fashion,382.0,895.84
SKU-2158,Home & Kitchen,122.63,286.14
SKU-2159,Home & Kitchen,365.47,452.46
SKU-2160,Beauty,187.05,425.27
SKU-2161,Electronics,317.99,434.86
SKU-2162,Home & Kitchen,318.6,521.12
SKU-2163,Electronics,270.21,585.43
SKU-2164,Fitness,49.69,70.01
SKU-2165,Electronics,418.47,947.15
SKU-2166,Fitness,163.79,373.73
SKU-2167,Fashion,97.33,181.01
SKU-2168,Fashion,25.18,30.43
SKU-2169,Beauty,297.49,468.0
SKU-2170,Home & Kitchen,340.39,681.46
SKU-2171,Beauty,13.21,32.7
SKU-2172,Fitness,258.49,522.5
SKU-2173,Beauty,117.12,180.1
SKU-2174,Electronics,324.36,656.57
SKU-2175,Fitness,91.31,173.67
SKU-2176,Fashion,347.01,768.21
SKU-2177,Home & Kitchen,196.43,263.03
SKU-2178,Fitness,468.68,1026.1
SKU-2179,Fitness,73.07,139.1
SKU-2180,Electronics,173.83,426.21
SKU-2181,Home & Kitchen,61.17,100.59
SKU-2182,Fashion,462.72,935.81
SKU-2183,Fitness,439.28,1059.38
SKU-2184,Fitness,132.68,176.9
SKU-2185,Electronics,331.69,802.16
SKU-2186,Beauty,409.52,857.64
SKU-2187,Fashion,279.82,360.46
SKU-2188,Home & Kitchen,267.18,425.15
SKU-2189,Fitness,124.72,264.48
SKU-2190,Fitness,51.09,65.78
SKU-2191,Fashion,449.12,878.85
SKU-2192,Beauty,450.71,743.51
SKU-2193,Fitness,318.39,639.07
SKU-2194,Fashion,172.82,217.66
SKU-2195,Electronics,177.86,414.95
SKU-2196,Beauty,364.35,898.32
SKU-2197,Home & Kitchen,449.07,1104.51
SKU-2198,Fitness,444.11,965.74
SKU-2199,Fashion,391.04,535.38
SKU-2200,Electronics,322.81,705.58
SKU-2201,Home & Kitchen,46.65,57.47
SKU-2202,Fashion,85.01,104.46
SKU-2203,Fashion,449.78,728.96
SKU-2204,Home & Kitchen,305.18,560.08
SKU-2205,Electronics,9.55,21.02
SKU-2206,Electronics,55.23,115.34
SKU-2207,Beauty,333.43,593.4
SKU-2208,Fitness,7.51,11.68
SKU-2209,Home & Kitchen,84.6,211.18
SKU-2210,Home & Kitchen,276.62,485.2
SKU-2211,Home & Kitchen,347.49,620.9
SKU-2212,Electronics,327.72,462.97
SKU-2213,Fitness,116.01,259.08
SKU-2214,Beauty,357.53,751.45
SKU-2215,Fashion,122.44,182.07
SKU-2216,Fashion,166.07,217.07
SKU-2217,Home & Kitchen,374.51,780.72
SKU-2218,Fitness,326.57,669.75
SKU-2219,Electronics,425.37,661.55
SKU-2220,Fitness,330.52,805.19
SKU-2221,Fitness,286.31,399.8
SKU-2222,Electronics,51.37,90.52
SKU-2223,Home & Kitchen,187.02,453.84
SKU-2224,Fitness,136.28,237.9
SKU-2225,Fashion,125.77,255.32
SKU-2226,Electronics,486.64,835.5
SKU-2227,Beauty,199.58,310.64
SKU-2228,Home & Kitchen,446.56,1107.1
SKU-2229,Electronics,317.41,549.8
SKU-2230,Beauty,398.43,941.22
SKU-2231,Beauty,253.81,380.45
SKU-2232,Fitness,290.57,429.18
SKU-2233,Fitness,248.8,308.63
SKU-2234,Fitness,101.65,208.09
SKU-2235,Electronics,362.61,608.85
SKU-2236,Electronics,143.98,334.56
SKU-2237,Home & Kitchen,17.04,30.93
SKU-2238,Fitness,324.51,797.86
SKU-2239,Beauty,92.67,133.55
SKU-2240,Fashion,470.53,1095.96
SKU-2241,Home & Kitchen,477.19,1054.39
SKU-2242,Electronics,457.86,1008.3
SKU-2243,Home & Kitchen,188.23,432.59
SKU-2244,Home & Kitchen,12.65,27.7
SKU-2245,Home & Kitchen,464.52,935.58
SKU-2246,Home & Kitchen,216.95,297.36
SKU-2247,Fashion,483.49,600.63
SKU-2248,Fitness,481.99,1155.38
SKU-2249,Beauty,427.24,855.18
SKU-2250,Home & Kitchen,150.75,337.0
SKU-2251,Home & Kitchen,195.62,357.2
SKU-2252,Home & Kitchen,426.31,576.58
SKU-2253,Fitness,161.88,220.6
SKU-2254,Electronics,88.9,185.91
SKU-2255,Electronics,280.62,493.72
SKU-2256,Fashion,468.4,684.18
SKU-2257,Electronics,349.53,642.81
SKU-2258,Home & Kitchen,287.18,368.59
SKU-2259,Home & Kitchen,53.1,103.89
SKU-2260,Home & Kitchen,309.43,479.52
SKU-2261,Fashion,495.08,1107.41
SKU-2262,Home & Kitchen,74.34,119.2
SKU-2263,Electronics,261.57,468.68
SKU-2264,Fitness,439.3,533.8
SKU-2265,Fitness,371.68,481.02
SKU-2266,Beauty,350.02,598.62
SKU-2267,Electronics,352.73,643.35
SKU-2268,Home & Kitchen,182.95,362.25
SKU-2269,Fitness,150.33,237.4
SKU-2270,Electronics,405.63,853.23
SKU-2271,Fitness,406.01,941.2
SKU-2272,Home & Kitchen,434.2,961.23
SKU-2273,Fitness,457.05,572.0
SKU-2274,Beauty,258.11,470.96
SKU-2275,Beauty,253.25,338.45
SKU-2276,Fitness,400.16,606.11
SKU-2277,Electronics,326.73,811.16
SKU-2278,Electronics,352.47,488.26
SKU-2279,Electronics,398.92,737.43
SKU-2280,Fitness,445.55,892.71
SKU-2281,Electronics,172.31,364.13
SKU-2282,Home & Kitchen,190.91,367.99
SKU-2283,Beauty,51.52,62.48
SKU-2284,Home & Kitchen,291.25,473.11
SKU-2285,Electronics,22.79,42.69
SKU-2286,Home & Kitchen,235.47,309.46
SKU-2287,Electronics,273.61,453.05
SKU-2288,Fitness,146.84,182.55
SKU-2289,Home & Kitchen,297.46,387.34
SKU-2290,Fitness,20.1,34.49
SKU-2291,Fitness,23.49,32.24
SKU-2292,Fashion,412.19,798.74
SKU-2293,Electronics,183.29,384.23
SKU-2294,Beauty,67.89,152.13
SKU-2295,Electronics,263.51,384.78
SKU-2296,Beauty,386.15,547.46
SKU-2297,Electronics,111.83,149.4
SKU-2298,Fitness,313.33,635.23
SKU-2299,Home & Kitchen,47.25,100.1
SKU-2300,Home & Kitchen,30.58,37.95
SKU-2301,Fashion,268.02,647.82
SKU-2302,Beauty,272.61,345.55
SKU-2303,Beauty,320.53,610.19
SKU-2304,Beauty,364.42,773.22
SKU-2305,Fitness,488.05,1138.26
SKU-2306,Beauty,260.57,554.57
SKU-2307,Home & Kitchen,164.86,369.66
SKU-2308,Fitness,398.62,654.25
SKU-2309,Electronics,139.06,314.17
SKU-2310,Beauty,222.29,289.9
SKU-2311,Beauty,43.84,103.61
SKU-2312,Electronics,17.55,33.55
SKU-2313,Beauty,481.51,1089.41
SKU-2314,Electronics,418.81,748.84
SKU-2315,Fitness,349.51,711.83
SKU-2316,Home & Kitchen,207.43,390.87
SKU-2317,Electronics,90.78,195.27
SKU-2318,Fashion,82.44,107.68
SKU-2319,Electronics,128.87,164.75
SKU-2320,Beauty,276.87,421.18
SKU-2321,Fitness,358.72,504.87
SKU-2322,Fitness,331.8,774.2
SKU-2323,Electronics,143.57,213.2
SKU-2324,Home & Kitchen,477.66,1179.16
SKU-2325,Fashion,370.26,606.47
SKU-2326,Fitness,279.41,401.44
SKU-2327,Beauty,307.8,685.35
SKU-2328,Beauty,212.7,437.38
SKU-2329,Home & Kitchen,127.63,235.82
SKU-2330,Fitness,181.21,348.28
SKU-2331,Electronics,380.13,811.56
SKU-2332,Beauty,12.12,18.14
SKU-2333,Home & Kitchen,62.46,155.85
SKU-2334,Fitness,27.77,68.52
SKU-2335,Fitness,25.16,51.46
SKU-2336,Fitness,428.45,625.28
SKU-2337,Fitness,353.31,736.4
SKU-2338,Fitness,239.72,310.16
SKU-2339,Beauty,53.43,66.25
SKU-2340,Home & Kitchen,248.35,381.21
SKU-2341,Fitness,239.37,431.2
SKU-2342,Fashion,90.73,211.29
SKU-2343,Fashion,219.76,471.46
SKU-2344,Home & Kitchen,202.26,438.0
SKU-2345,Electronics,309.85,543.21
SKU-2346,Electronics,319.37,526.87
SKU-2347,Electronics,27.43,46.15
SKU-2348,Fashion,190.43,473.02
SKU-2349,Electronics,314.8,394.17
SKU-2350,Beauty,254.05,591.21
SKU-2351,Fitness,428.96,837.45
SKU-2352,Fashion,331.05,586.02
SKU-2353,Home & Kitchen,85.65,183.53
SKU-2354,Home & Kitchen,39.93,73.18
SKU-2355,Fitness,323.0,754.35
SKU-2356,Fashion,18.12,42.96
SKU-2357,Electronics,294.96,515.66
SKU-2358,Electronics,470.41,733.78
SKU-2359,Beauty,289.86,571.04
SKU-2360,Beauty,197.14,470.39
SKU-2361,Electronics,323.43,476.69
SKU-2362,Home & Kitchen,231.84,465.97
SKU-2363,Home & Kitchen,275.08,555.94
SKU-2364,Beauty,471.03,1014.15
SKU-2365,Fitness,196.12,268.89
SKU-2366,Electronics,480.79,1024.36
SKU-2367,Beauty,453.15,1079.29
SKU-2368,Beauty,101.92,146.11
SKU-2369,Electronics,39.33,59.34
SKU-2370,Electronics,54.89,135.18
SKU-2371,Home & Kitchen,14.02,20.12
SKU-2372,Fitness,51.75,119.58
SKU-2373,Fitness,343.09,631.27
SKU-2374,Electronics,40.24,61.22
SKU-2375,Fashion,162.89,379.86
SKU-2376,Beauty,423.21,752.85
SKU-2377,Beauty,16.52,30.88
SKU-2378,Electronics,408.16,680.4
SKU-2379,Fashion,144.52,284.83
SKU-2380,Home & Kitchen,63.49,89.68
SKU-2381,Electronics,349.88,597.74
SKU-2382,Electronics,316.33,778.25
SKU-2383,Beauty,439.35,674.65
SKU-2384,Electronics,368.86,757.55
SKU-2385,Electronics,402.72,653.51
SKU-2386,Electronics,144.61,318.94
SKU-2387,Beauty,92.83,127.19
SKU-2388,Home & Kitchen,376.55,926.6
SKU-2389,Home & Kitchen,404.38,723.81
SKU-2390,Electronics,495.3,746.35
SKU-2391,Beauty,209.25,271.09
SKU-2392,Home & Kitchen,189.15,268.72
SKU-2393,Home & Kitchen,389.32,730.25
SKU-2394,Home & Kitchen,173.7,284.54
SKU-2395,Beauty,465.72,1060.7
SKU-2396,Beauty,429.91,756.71
SKU-2397,Electronics,217.35,331.1
SKU-2398,Fitness,376.68,754.22
SKU-2399,Home & Kitchen,378.5,801.97
SKU-2400,Fitness,56.05,79.43
SKU-2401,Beauty,451.76,640.55
SKU-2402,Beauty,255.1,318.28
SKU-2403,Beauty,414.1,893.35
SKU-2404,Fitness,163.42,337.13
SKU-2405,Beauty,448.28,814.53
SKU-2406,Electronics,197.65,454.09
SKU-2407,Beauty,10.36,23.28
SKU-2408,Fashion,453.16,888.63
SKU-2409,Fitness,50.19,116.88
SKU-2410,Fashion,163.06,239.31
SKU-2411,Beauty,475.28,639.49
SKU-2412,Electronics,475.55,737.42
SKU-2413,Home & Kitchen,288.85,368.06
SKU-2414,Beauty,317.76,600.73
SKU-2415,Electronics,226.98,548.74
SKU-2416,Fitness,150.14,187.85
SKU-2417,Fashion,167.69,227.85
SKU-2418,Fashion,337.9,604.12
SKU-2419,Fashion,377.43,911.13
SKU-2420,Fitness,396.83,639.29
SKU-2421,Electronics,395.86,736.06
SKU-2422,Fitness,50.15,62.89
SKU-2423,Fashion,249.74,347.85
SKU-2424,Beauty,33.49,83.14
SKU-2425,Home & Kitchen,277.02,679.99
SKU-2426,Fitness,223.56,269.71
SKU-2427,Fitness,444.41,1083.19
SKU-2428,Electronics,178.7,362.91
SKU-2429,Electronics,62.95,146.57
SKU-2430,Fitness,75.78,135.73
SKU-2431,Fashion,381.95,714.35
SKU-2432,Home & Kitchen,311.02,570.88
SKU-2433,Electronics,55.06,113.8
SKU-2434,Fashion,46.63,64.42
SKU-2435,Beauty,351.98,436.09
SKU-2436,Electronics,41.02,65.64
SKU-2437,Fashion,411.82,871.45
SKU-2438,Fashion,354.59,518.56
SKU-2439,Home & Kitchen,45.27,93.96
SKU-2440,Home & Kitchen,46.99,115.64
SKU-2441,Beauty,493.39,652.3
SKU-2442,Fashion,190.26,394.67
SKU-2443,Fashion,188.47,334.89
SKU-2444,Home & Kitchen,407.34,948.53
SKU-2445,Electronics,473.89,677.8
SKU-2446,Electronics,493.07,1035.65
SKU-2447,Fitness,377.92,865.27
SKU-2448,Home & Kitchen,191.25,464.35
SKU-2449,Fitness,46.33,96.75
SKU-2450,Home & Kitchen,389.69,719.5
SKU-2451,Beauty,281.41,563.72
SKU-2452,Fashion,214.99,500.84
SKU-2453,Beauty,453.65,880.89
SKU-2454,Home & Kitchen,60.04,74.42
SKU-2455,Fashion,248.85,599.79
SKU-2456,Electronics,10.62,22.26
SKU-2457,Electronics,236.99,492.81
SKU-2458,Fitness,32.87,48.66
SKU-2459,Home & Kitchen,63.81,131.23
SKU-2460,Home & Kitchen,63.18,108.17
SKU-2461,Electronics,326.36,667.93
SKU-2462,Beauty,374.29,501.01
SKU-2463,Fashion,293.77,603.76
SKU-2464,Beauty,481.28,1202.83
SKU-2465,Beauty,190.56,240.62
SKU-2466,Electronics,146.43,361.73
SKU-2467,Electronics,434.96,752.04
SKU-2468,Electronics,115.68,269.76
SKU-2469,Fitness,481.8,1068.2
SKU-2470,Beauty,11.02,21.35
SKU-2471,Home & Kitchen,485.09,1047.79
SKU-2472,Fashion,26.36,61.74
SKU-2473,Fitness,446.12,769.73
SKU-2474,Home & Kitchen,266.21,432.63
SKU-2475,Beauty,496.52,1026.74
SKU-2476,Electronics,41.53,93.45
SKU-2477,Beauty,279.16,611.63
SKU-2478,Fashion,484.8,1084.57
SKU-2479,Fitness,263.93,466.17
SKU-2480,Fitness,316.55,716.41
SKU-2481,Fashion,349.4,473.88
SKU-2482,Home & Kitchen,230.0,438.8
SKU-2483,Home & Kitchen,315.64,381.13
SKU-2484,Fitness,294.24,477.25
SKU-2485,Fitness,451.07,756.17
SKU-2486,Electronics,27.5,47.16
SKU-2487,Home & Kitchen,144.08,303.16
SKU-2488,Fashion,475.45,810.7
SKU-2489,Home & Kitchen,445.68,794.78
SKU-2490,Electronics,230.55,347.86
SKU-2491,Fitness,311.97,525.74
SKU-2492,Fitness,142.3,212.8
SKU-2493,Electronics,98.12,127.08
SKU-2494,Fashion,234.53,465.42
SKU-2495,Fitness,179.91,372.18
SKU-2496,Beauty,293.91,589.39
SKU-2497,Fitness,43.48,78.37
SKU-2498,Beauty,487.33,825.4
SKU-2499,Electronics,493.17,1145.31
SKU-2500,Electronics,350.59,657.29
SKU-2501,Fitness,270.37,492.87
SKU-2502,Home & Kitchen,158.22,195.14
SKU-2503,Beauty,407.83,670.32
SKU-2504,Fashion,343.94,582.72
SKU-2505,Fitness,85.5,146.93
SKU-2506,Fashion,455.91,890.95
SKU-2507,Fitness,412.16,780.5
SKU-2508,Home & Kitchen,475.15,945.68
SKU-2509,Home & Kitchen,364.23,799.25
SKU-2510,Home & Kitchen,308.64,696.56
SKU-2511,Home & Kitchen,212.03,452.38
SKU-2512,Electronics,466.7,1139.77
SKU-2513,Electronics,433.7,530.72
SKU-2514,Beauty,27.38,39.82
SKU-2515,Fashion,18.05,21.84
SKU-2516,Fitness,191.35,390.68
SKU-2517,Fitness,406.22,961.7
SKU-2518,Electronics,493.7,748.71
SKU-2519,Fitness,79.46,191.11
SKU-2520,Electronics,299.09,382.34
SKU-2521,Beauty,193.54,467.35
SKU-2522,Fashion,485.11,803.88
SKU-2523,Beauty,421.85,561.84
SKU-2524,Home & Kitchen,419.97,769.23
SKU-2525,Home & Kitchen,237.0,363.51
SKU-2526,Home & Kitchen,210.34,330.3
SKU-2527,Beauty,140.34,224.47
SKU-2528,Fitness,32.91,73.85
SKU-2529,Fashion,433.04,823.17
SKU-2530,Home & Kitchen,407.39,653.74
SKU-2531,Home & Kitchen,499.86,996.44
SKU-2532,Home & Kitchen,498.34,1061.96
SKU-2533,Fashion,279.94,435.14
SKU-2534,Home & Kitchen,385.65,670.11
SKU-2535,Fashion,472.66,642.09
SKU-2536,Home & Kitchen,425.58,610.92
SKU-2537,Beauty,127.44,265.77
SKU-2538,Beauty,228.02,327.41
SKU-2539,Fashion,68.93,129.78
SKU-2540,Beauty,477.26,1012.63
SKU-2541,Fashion,305.06,408.46
SKU-2542,Beauty,118.18,228.97
SKU-2543,Beauty,337.49,517.55
SKU-2544,Fashion,310.97,762.44
SKU-2545,Fitness,182.29,333.34
SKU-2546,Beauty,61.21,137.59
SKU-2547,Home & Kitchen,337.43,646.28
SKU-2548,Fitness,262.55,329.88
SKU-2549,Fashion,387.3,783.55
SKU-2550,Fitness,262.48,639.62
SKU-2551,Electronics,426.83,846.02
SKU-2552,Electronics,278.19,630.09
SKU-2553,Beauty,282.66,664.1
SKU-2554,Beauty,438.94,656.88
SKU-2555,Home & Kitchen,204.72,302.1
SKU-2556,Fitness,71.34,142.27
SKU-2557,Electronics,19.25,33.39
SKU-2558,Beauty,378.79,868.12
SKU-2559,Fitness,312.05,739.57
SKU-2560,Beauty,353.52,586.65
SKU-2561,Beauty,110.42,166.51
SKU-2562,Electronics,72.5,160.56
SKU-2563,Electronics,12.2,19.0
SKU-2564,Beauty,178.54,405.18
SKU-2565,Fashion,297.01,520.02
SKU-2566,Beauty,199.16,411.83
SKU-2567,Beauty,221.55,293.38
SKU-2568,Home & Kitchen,452.56,910.11
SKU-2569,Home & Kitchen,177.39,317.05
SKU-2570,Home & Kitchen,259.42,509.14
SKU-2571,Fashion,392.91,557.31
SKU-2572,Fashion,201.29,434.37
SKU-2573,Beauty,312.93,726.51
SKU-2574,Home & Kitchen,431.87,639.93
SKU-2575,Fashion,475.01,629.12
SKU-2576,Electronics,77.8,95.75
SKU-2577,Beauty,463.66,943.35
SKU-2578,Fitness,248.6,494.52
SKU-2579,Beauty,132.83,253.8
SKU-2580,Fitness,232.27,348.76
SKU-2581,Home & Kitchen,490.12,837.21
SKU-2582,Fitness,248.85,490.94
SKU-2583,Home & Kitchen,167.73,309.6
SKU-2584,Electronics,318.53,791.27
SKU-2585,Fitness,123.87,170.62
SKU-2586,Beauty,42.55,89.51
SKU-2587,Home & Kitchen,68.8,118.72
SKU-2588,Beauty,68.38,120.12
SKU-2589,Fashion,80.19,171.04
SKU-2590,Home & Kitchen,73.72,154.82
SKU-2591,Fitness,322.23,801.91
SKU-2592,Home & Kitchen,95.03,129.9
SKU-2593,Beauty,176.11,235.17
SKU-2594,Electronics,448.91,961.4
SKU-2595,Home & Kitchen,239.61,467.7
SKU-2596,Fitness,335.44,522.08
SKU-2597,Fashion,90.3,117.68
SKU-2598,Electronics,100.18,131.37
SKU-2599,Fashion,25.23,59.6
SKU-2600,Home & Kitchen,88.62,128.45
SKU-2601,Beauty,142.9,231.55
SKU-2602,Beauty,92.62,138.43
SKU-2603,Fitness,48.91,81.26
SKU-2604,Beauty,64.71,83.49
SKU-2605,Electronics,233.09,436.99
SKU-2606,Beauty,107.14,137.99
SKU-2607,Fitness,185.31,415.18
SKU-2608,Home & Kitchen,254.19,382.26
SKU-2609,Home & Kitchen,346.75,659.52
SKU-2610,Beauty,24.46,57.34
SKU-2611,Fashion,400.71,819.91
SKU-2612,Home & Kitchen,315.81,597.78
SKU-2613,Beauty,45.47,73.74
SKU-2614,Fitness,437.42,714.26
SKU-2615,Beauty,460.83,954.07
SKU-2616,Home & Kitchen,35.23,87.81
SKU-2617,Fitness,142.05,292.68
SKU-2618,Beauty,404.07,777.88
SKU-2619,Electronics,375.39,807.03
SKU-2620,Fitness,96.34,173.87
SKU-2621,Electronics,108.63,138.85
SKU-2622,Fashion,188.38,363.76
SKU-2623,Fitness,244.84,598.61
SKU-2624,Electronics,311.04,444.13
SKU-2625,Home & Kitchen,187.61,393.42
SKU-2626,Home & Kitchen,233.95,341.85
SKU-2627,Fashion,375.0,711.22
SKU-2628,Fitness,23.16,30.7
SKU-2629,Fitness,129.96,232.04
SKU-2630,Fitness,358.11,781.76
SKU-2631,Fashion,448.13,740.24
SKU-2632,Fitness,258.28,533.19
SKU-2633,Home & Kitchen,268.4,599.63
SKU-2634,Electronics,58.05,139.63
SKU-2635,Home & Kitchen,226.47,340.85
SKU-2636,Home & Kitchen,268.65,461.84
SKU-2637,Electronics,125.02,174.8
SKU-2638,Home & Kitchen,138.28,344.35
SKU-2639,Fashion,191.76,461.2
SKU-2640,Electronics,14.94,28.42
SKU-2641,Home & Kitchen,164.43,377.31
SKU-2642,Beauty,109.67,205.88
SKU-2643,Home & Kitchen,167.11,336.0
SKU-2644,Fashion,64.28,84.58
SKU-2645,Fitness,445.81,972.69
SKU-2646,Home & Kitchen,298.83,408.21
SKU-2647,Fitness,341.16,775.76
SKU-2648,Beauty,395.64,876.99
SKU-2649,Home & Kitchen,251.73,534.01
SKU-2650,Electronics,48.03,59.89
SKU-2651,Fitness,270.87,431.78
SKU-2652,Beauty,295.49,455.66
SKU-2653,Electronics,373.99,623.88
SKU-2654,Electronics,218.67,287.32
SKU-2655,Electronics,68.15,164.79
SKU-2656,Electronics,145.47,279.29
SKU-2657,Home & Kitchen,184.73,295.05
SKU-2658,Home & Kitchen,324.73,557.26
SKU-2659,Home & Kitchen,287.54,512.21
SKU-2660,Beauty,181.27,359.05
SKU-2661,Beauty,493.33,922.72
SKU-2662,Beauty,304.86,730.2
SKU-2663,Fashion,122.43,226.01
SKU-2664,Beauty,55.38,137.89
SKU-2665,Home & Kitchen,80.67,186.09
SKU-2666,Home & Kitchen,126.75,186.46
SKU-2667,Fashion,84.54,203.72
SKU-2668,Fashion,97.35,131.55
SKU-2669,Beauty,146.12,330.62
SKU-2670,Fitness,90.82,153.92
SKU-2671,Fashion,448.9,1051.04
SKU-2672,Electronics,44.72,104.13
SKU-2673,Home & Kitchen,264.63,594.81
SKU-2674,Electronics,208.15,463.56
SKU-2675,Home & Kitchen,491.28,784.12
SKU-2676,Home & Kitchen,60.46,78.91
SKU-2677,Fashion,201.94,348.12
SKU-2678,Fashion,484.89,691.25
SKU-2679,Electronics,433.43,911.69
SKU-2680,Home & Kitchen,409.45,675.56
SKU-2681,Electronics,132.66,327.44
SKU-2682,Fitness,89.59,182.16
SKU-2683,Electronics,335.98,762.41
SKU-2684,Beauty,465.04,638.17
SKU-2685,Electronics,280.6,651.17
SKU-2686,Beauty,287.95,690.96
SKU-2687,Beauty,143.59,263.23
SKU-2688,Beauty,385.9,767.22
SKU-2689,Fitness,97.59,214.14
SKU-2690,Electronics,165.22,235.82
SKU-2691,Electronics,215.59,399.56
SKU-2692,Fitness,256.27,440.34
SKU-2693,Home & Kitchen,124.99,173.77
SKU-2694,Fashion,61.84,103.75
SKU-2695,Electronics,307.26,395.94
SKU-2696,Fashion,147.87,182.41
SKU-2697,Fitness,292.71,402.69
SKU-2698,Home & Kitchen,81.41,199.62
SKU-2699,Home & Kitchen,243.16,465.5
SKU-2700,Home & Kitchen,268.63,659.64
SKU-2701,Fitness,30.65,54.01
SKU-2702,Beauty,171.62,275.51
SKU-2703,Beauty,71.54,132.92
SKU-2704,Fashion,36.37,64.42
SKU-2705,Beauty,495.03,662.04
SKU-2706,Beauty,164.57,334.58
SKU-2707,Home & Kitchen,405.89,601.06
SKU-2708,Home & Kitchen,131.05,262.82
SKU-2709,Fashion,342.34,700.17
SKU-2710,Electronics,381.31,532.93
SKU-2711,Fashion,299.84,383.72
SKU-2712,Fashion,238.43,528.12
SKU-2713,Fitness,208.86,375.48
SKU-2714,Fitness,177.69,226.66
SKU-2715,Fashion,465.12,1159.7
SKU-2716,Fashion,416.16,530.65
SKU-2717,Fashion,482.69,1015.36
SKU-2718,Beauty,66.53,164.91
SKU-2719,Fitness,366.78,554.18
SKU-2720,Fashion,469.48,650.19
SKU-2721,Home & Kitchen,94.71,128.6
SKU-2722,Home & Kitchen,37.92,60.45
SKU-2723,Beauty,371.85,495.07
SKU-2724,Beauty,289.36,607.6
SKU-2725,Electronics,421.71,540.2
SKU-2726,Electronics,74.19,138.16
SKU-2727,Electronics,398.66,994.94
SKU-2728,Beauty,104.81,236.68
SKU-2729,Beauty,86.01,172.0
SKU-2730,Beauty,86.31,137.93
SKU-2731,Home & Kitchen,408.21,820.94
SKU-2732,Beauty,334.27,630.15
SKU-2733,Home & Kitchen,263.92,462.89
SKU-2734,Electronics,182.62,250.18
SKU-2735,Electronics,439.21,1033.28
SKU-2736,Electronics,199.26,355.62
SKU-2737,Fashion,409.22,594.6
SKU-2738,Fashion,222.37,373.16
SKU-2739,Fitness,191.59,333.05
SKU-2740,Fitness,234.03,532.61
SKU-2741,Fitness,154.18,332.06
SKU-2742,Fashion,375.07,825.19
SKU-2743,Fashion,253.85,308.26
SKU-2744,Fitness,119.95,208.83
SKU-2745,Fitness,450.29,822.12
SKU-2746,Beauty,195.03,238.9
SKU-2747,Fitness,274.06,421.44
SKU-2748,Beauty,453.7,992.87
SKU-2749,Home & Kitchen,314.0,432.77
SKU-2750,Fashion,62.86,119.18
SKU-2751,Fitness,470.22,695.81
SKU-2752,Fashion,315.72,383.84
SKU-2753,Fashion,170.78,258.49
SKU-2754,Fashion,73.94,182.53
SKU-2755,Home & Kitchen,398.04,892.4
SKU-2756,Electronics,311.94,763.46
SKU-2757,Fitness,269.06,493.51
SKU-2758,Electronics,447.48,600.81
SKU-2759,Electronics,395.36,756.07
SKU-2760,Electronics,80.08,143.4
SKU-2761,Fashion,159.3,366.02
SKU-2762,Beauty,128.0,169.92
SKU-2763,Fashion,373.25,684.81
SKU-2764,Fashion,21.6,30.13
SKU-2765,Electronics,287.1,465.7
SKU-2766,Fashion,382.42,825.48
SKU-2767,Electronics,439.0,798.46
SKU-2768,Beauty,174.33,294.38
SKU-2769,Fitness,411.52,704.86
SKU-2770,Electronics,59.76,107.41
SKU-2771,Beauty,423.99,941.48
SKU-2772,Fitness,68.11,160.72
SKU-2773,Home & Kitchen,201.66,492.44
SKU-2774,Electronics,399.66,888.43
SKU-2775,Electronics,79.21,127.53
SKU-2776,Home & Kitchen,118.48,248.17
SKU-2777,Home & Kitchen,362.52,641.26
SKU-2778,Electronics,361.42,553.36
SKU-2779,Home & Kitchen,322.37,739.24
SKU-2780,Fashion,348.5,435.61
SKU-2781,Fitness,273.65,649.18
SKU-2782,Fitness,129.64,233.34
SKU-2783,Fitness,176.12,357.24
SKU-2784,Fashion,94.89,195.2
SKU-2785,Home & Kitchen,454.68,1074.71
SKU-2786,Beauty,293.78,595.69
SKU-2787,Home & Kitchen,203.42,406.46
SKU-2788,Electronics,233.69,300.68
SKU-2789,Fitness,473.91,888.07
SKU-2790,Home & Kitchen,80.91,112.89
SKU-2791,Beauty,295.18,637.19
SKU-2792,Electronics,255.41,476.57
SKU-2793,Fashion,307.67,641.28
SKU-2794,Fashion,13.96,17.51
SKU-2795,Beauty,436.7,572.18
SKU-2796,Electronics,466.4,994.0
SKU-2797,Fitness,284.74,368.37
SKU-2798,Home & Kitchen,349.84,452.21
SKU-2799,Electronics,461.64,561.23
SKU-2800,Fashion,355.08,867.62
SKU-2801,Beauty,80.51,173.8
SKU-2802,Beauty,290.26,481.61
SKU-2803,Home & Kitchen,305.32,484.08
SKU-2804,Beauty,214.94,355.64
SKU-2805,Beauty,369.54,815.59
SKU-2806,Electronics,467.51,962.97
SKU-2807,Fitness,463.16,667.3
SKU-2808,Home & Kitchen,228.17,325.45
SKU-2809,Electronics,61.05,81.07
SKU-2810,Fitness,492.5,1013.76
SKU-2811,Electronics,420.25,921.9
SKU-2812,Electronics,66.71,103.04
SKU-2813,Beauty,460.82,565.53
SKU-2814,Fitness,435.6,569.25
SKU-2815,Home & Kitchen,261.82,643.61
SKU-2816,Home & Kitchen,297.68,471.55
SKU-2817,Fitness,202.51,445.52
SKU-2818,Beauty,32.11,64.61
SKU-2819,Fashion,170.92,289.97
SKU-2820,Electronics,402.41,590.49
SKU-2821,Beauty,7.29,9.9
SKU-2822,Fitness,170.08,340.08
SKU-2823,Electronics,202.09,446.02
SKU-2824,Home & Kitchen,271.01,552.07
SKU-2825,Fashion,460.33,869.74
SKU-2826,Home & Kitchen,176.44,221.35
SKU-2827,Fitness,176.74,434.61
SKU-2828,Electronics,370.06,828.32
SKU-2829,Fitness,228.85,361.74
SKU-2830,Electronics,116.18,287.42
SKU-2831,Beauty,228.96,453.9
SKU-2832,Fashion,74.72,146.24
SKU-2833,Beauty,92.31,200.54
SKU-2834,Beauty,251.69,567.64
SKU-2835,Fitness,212.37,436.09
SKU-2836,Fashion,457.85,625.66
SKU-2837,Electronics,184.38,302.34
SKU-2838,Electronics,292.39,703.64
SKU-2839,Home & Kitchen,317.97,474.41
SKU-2840,Electronics,11.48,19.33
SKU-2841,Fitness,333.45,587.44
SKU-2842,Beauty,93.13,164.95
SKU-2843,Beauty,480.73,959.93
SKU-2844,Beauty,78.59,190.66
SKU-2845,Fashion,210.24,318.07
SKU-2846,Electronics,47.25,64.16
SKU-2847,Fitness,498.45,726.1
SKU-2848,Fashion,253.59,596.7
SKU-2849,Home & Kitchen,299.72,611.3
SKU-2850,Fitness,38.2,60.04
SKU-2851,Fitness,376.23,850.55
SKU-2852,Fitness,108.9,252.62
SKU-2853,Beauty,449.54,1034.15
SKU-2854,Fitness,106.54,255.12
SKU-2855,Electronics,99.39,151.86
SKU-2856,Fitness,23.09,50.37
SKU-2857,Beauty,238.67,429.3
SKU-2858,Fitness,284.6,653.04
SKU-2859,Home & Kitchen,37.53,80.58
SKU-2860,Home & Kitchen,388.89,859.21
SKU-2861,Beauty,229.38,470.92
SKU-2862,Electronics,264.57,378.51
SKU-2863,Electronics,223.18,425.95
SKU-2864,Fashion,203.38,504.4
SKU-2865,Beauty,282.02,682.09
SKU-2866,Fitness,81.84,102.8
SKU-2867,Beauty,95.05,134.43
SKU-2868,Fashion,431.58,591.8
SKU-2869,Beauty,473.33,1014.71
SKU-2870,Beauty,189.79,429.52
SKU-2871,Fashion,139.02,205.41
SKU-2872,Electronics,323.78,601.46
SKU-2873,Fitness,207.32,475.37
SKU-2874,Fashion,17.57,37.82
SKU-2875,Home & Kitchen,82.3,156.77
SKU-2876,Electronics,359.41,707.12
SKU-2877,Home & Kitchen,331.17,616.26
SKU-2878,Electronics,18.41,29.21
SKU-2879,Fitness,114.88,222.24
SKU-2880,Fitness,119.38,250.17
SKU-2881,Beauty,337.59,788.38
SKU-2882,Home & Kitchen,14.76,29.92
SKU-2883,Electronics,56.53,123.77
SKU-2884,Fitness,400.96,564.59
SKU-2885,Fashion,93.38,168.09
SKU-2886,Fitness,328.11,397.71
SKU-2887,Fashion,122.9,186.89
SKU-2888,Electronics,54.22,116.27
SKU-2889,Fitness,125.37,312.09
SKU-2890,Fitness,362.52,481.76
SKU-2891,Electronics,428.57,737.97
SKU-2892,Fitness,415.96,931.79
SKU-2893,Fashion,201.61,295.41
SKU-2894,Fitness,335.7,645.08
SKU-2895,Home & Kitchen,106.47,229.23
SKU-2896,Beauty,150.11,300.34
SKU-2897,Fashion,448.69,648.1
SKU-2898,Home & Kitchen,11.44,19.01
SKU-2899,Electronics,47.33,105.02
SKU-2900,Fashion,107.9,207.22
SKU-2901,Beauty,18.13,21.88
SKU-2902,Beauty,94.81,207.57
SKU-2903,Electronics,293.61,365.81
SKU-2904,Electronics,213.61,463.42
SKU-2905,Fashion,446.87,653.87
SKU-2906,Fitness,409.63,1001.75
SKU-2907,Electronics,174.2,292.36
SKU-2908,Fitness,133.41,216.79
SKU-2909,Home & Kitchen,192.95,268.89
SKU-2910,Beauty,297.2,474.71
SKU-2911,Fitness,137.69,322.15
SKU-2912,Beauty,313.95,783.38
SKU-2913,Fitness,207.66,348.62
SKU-2914,Home & Kitchen,278.26,496.19
SKU-2915,Electronics,220.88,472.39
SKU-2916,Home & Kitchen,150.76,354.6
SKU-2917,Electronics,474.48,935.18
SKU-2918,Electronics,382.98,654.51
SKU-2919,Beauty,74.36,129.12
SKU-2920,Home & Kitchen,434.89,915.14
SKU-2921,Fitness,246.28,296.57
SKU-2922,Home & Kitchen,447.8,898.05
SKU-2923,Beauty,400.93,666.4
SKU-2924,Electronics,215.48,481.05
SKU-2925,Beauty,16.12,21.29
SKU-2926,Fashion,138.0,271.12
SKU-2927,Fashion,273.11,498.5
SKU-2928,Fitness,318.57,648.3
SKU-2929,Beauty,132.65,170.36
SKU-2930,Fitness,73.98,144.56
SKU-2931,Fitness,418.29,807.27
SKU-2932,Fashion,492.28,949.54
SKU-2933,Fitness,265.22,526.34
SKU-2934,Fashion,89.98,187.11
SKU-2935,Electronics,139.79,314.04
SKU-2936,Beauty,14.1,21.87
SKU-2937,Fitness,457.58,1039.88
SKU-2938,Fashion,63.29,116.94
SKU-2939,Home & Kitchen,290.38,377.55
SKU-2940,Fitness,140.66,179.5
SKU-2941,Electronics,279.32,456.55
SKU-2942,Electronics,327.45,727.06
SKU-2943,Home & Kitchen,415.72,881.32
SKU-2944,Fashion,107.18,238.5
SKU-2945,Fitness,10.44,19.55
SKU-2946,Fashion,72.76,128.95
SKU-2947,Electronics,450.51,626.97
SKU-2948,Fashion,437.58,711.79
SKU-2949,Electronics,300.72,530.54
SKU-2950,Fashion,302.26,397.53
SKU-2951,Home & Kitchen,334.19,496.87
SKU-2952,Beauty,91.81,181.57
SKU-2953,Home & Kitchen,457.63,986.82
SKU-2954,Home & Kitchen,212.29,530.27
SKU-2955,Beauty,194.65,469.7
SKU-2956,Beauty,261.86,532.97
SKU-2957,Fitness,28.25,49.37
SKU-2958,Fitness,87.31,176.98
SKU-2959,Home & Kitchen,370.33,822.63
SKU-2960,Home & Kitchen,45.99,62.26
SKU-2961,Electronics,303.56,526.03
SKU-2962,Electronics,126.45,289.79
SKU-2963,Fitness,197.7,335.89
SKU-2964,Fitness,147.9,287.43
SKU-2965,Electronics,181.06,355.62
SKU-2966,Electronics,360.93,519.67
SKU-2967,Fashion,152.08,254.11
SKU-2968,Fashion,285.37,466.54
SKU-2969,Electronics,240.64,296.96
SKU-2970,Fashion,333.52,410.71
SKU-2971,Beauty,468.73,1069.27
SKU-2972,Fitness,367.62,571.65
SKU-2973,Fitness,111.4,208.71
SKU-2974,Electronics,20.44,32.47
SKU-2975,Home & Kitchen,134.82,326.65
SKU-2976,Electronics,299.56,460.45
SKU-2977,Fashion,30.46,53.57
SKU-2978,Home & Kitchen,250.7,585.27
SKU-2979,Fashion,300.44,689.36
SKU-2980,Beauty,170.45,245.78
SKU-2981,Fashion,386.6,867.31
SKU-2982,Beauty,57.77,103.73
SKU-2983,Beauty,42.19,77.12
SKU-2984,Fashion,365.45,501.95
SKU-2985,Fashion,250.27,326.55
SKU-2986,Beauty,345.76,742.11
SKU-2987,Home & Kitchen,220.24,406.43
SKU-2988,Beauty,126.97,224.47
SKU-2989,Fitness,410.46,881.82
SKU-2990,Beauty,400.71,879.63
SKU-2991,Home & Kitchen,348.87,490.71
SKU-2992,Fitness,139.71,278.48
SKU-2993,Electronics,297.16,408.88
SKU-2994,Electronics,183.68,399.83
SKU-2995,Home & Kitchen,50.33,103.38
SKU-2996,Beauty,459.07,1121.78
SKU-2997,Fashion,72.73,93.8
SKU-2998,Home & Kitchen,475.37,605.7
SKU-2999,Fitness,225.77,353.75
